year,month,sum_new_persons_vaccinated,sum_new_persons_fully_vaccinated,sum_new_vaccine_doses_administered
2020,1,,0,
2020,2,,0,
2020,3,0.0,0,0.0
2020,4,0.0,0,0.0
2020,5,0.0,0,0.0
2020,6,0.0,0,0.0
2020,7,0.0,0,0.0
2020,8,0.0,0,0.0
2020,9,0.0,0,0.0
2020,10,0.0,0,0.0
2020,11,0.0,0,0.0
2020,12,8918880.0,37185,12061169.0
2021,1,443341057.0,283218454,1024479012.0
2021,2,775453928.0,534406876,1342632145.0
2021,3,466724227.0,218121335,767917019.0
2021,4,455413576.0,251016058,843233240.0
2021,5,416126857.0,296329999,1107022501.0
2021,6,588208519.0,350422919,1506341319.0
2021,7,560049268.0,458504036,1413374099.0
2021,8,1126747747.0,595976679,1574649719.0
2021,9,624910082.0,685974623,1264502251.0
2021,10,433758252.0,551548379,1072720286.0
2021,11,409293683.0,396996022,1037577202.0
2021,12,305479801.0,511619629,1194660712.0
2022,1,280153824.0,306605172,955321317.0
2022,2,192639411.0,237275038,736436682.0
2022,3,109266113.0,179380297,520273504.0
2022,4,68052061.0,100487313,320194036.0
2022,5,49264636.0,76421555,233866364.0
2022,6,53198419.0,75784819,255331207.0
2022,7,73701625.0,77351214,258430226.0
2022,8,53878073.0,52953657,243095324.0
2022,9,20455790.0,20200747,85726171.0
