year,month,sum_new_confirmed,sum_new_deceased
2019,12,,
2020,1,54666.0,1686.0
2020,2,-141599.0,5353.0
2020,3,2195224.0,110044.0
2020,4,5900737.0,465675.0
2020,5,6952994.0,398298.0
2020,6,10523353.0,365122.0
2020,7,18846966.0,448234.0
2020,8,21267674.0,470742.0
2020,9,22948409.0,414771.0
2020,10,32110868.0,429866.0
2020,11,42206306.0,625480.0
2020,12,49425155.0,844854.0
2021,1,50259467.0,1018150.0
2021,2,27277331.0,713919.0
2021,3,36515608.0,720731.0
2021,4,55297748.0,928444.0
2021,5,50891567.0,960976.0
2021,6,28500422.0,695253.0
2021,7,35874256.0,581478.0
2021,8,44285163.0,592175.0
2021,9,35656059.0,531172.0
2021,10,26126334.0,407278.0
2021,11,37517690.0,456226.0
2021,12,70226267.0,467958.0
2022,1,229694861.0,555512.0
2022,2,113546354.0,589077.0
2022,3,84933550.0,358966.0
2022,4,45288909.0,165243.0
2022,5,33905820.0,98513.0
2022,6,35307619.0,69484.0
2022,7,55101040.0,132150.0
2022,8,42081904.0,139591.0
2022,9,36642914.0,111044.0
2022,12,-31136.0,
