year,month,sum_new_confirmed,sum_new_deceased,sum_new_persons_vaccinated,sum_new_persons_fully_vaccinated,sum_new_vaccine_doses_administered
2019,12,,,,,
2020,1,54666.0,1686.0,,0.0,
2020,2,-141599.0,5353.0,,0.0,
2020,3,2195224.0,110044.0,0.0,0.0,0.0
2020,4,5900737.0,465675.0,0.0,0.0,0.0
2020,5,6952994.0,398298.0,0.0,0.0,0.0
2020,6,10523353.0,365122.0,0.0,0.0,0.0
2020,7,18846966.0,448234.0,0.0,0.0,0.0
2020,8,21267674.0,470742.0,0.0,0.0,0.0
2020,9,22948409.0,414771.0,0.0,0.0,0.0
2020,10,32110868.0,429866.0,0.0,0.0,0.0
2020,11,42206306.0,625480.0,0.0,0.0,0.0
2020,12,49425155.0,844854.0,8918880.0,37185.0,12061169.0
2021,1,50259467.0,1018150.0,443341057.0,283218454.0,1024479012.0
2021,2,27277331.0,713919.0,775453928.0,534406876.0,1342632145.0
2021,3,36515608.0,720731.0,466724227.0,218121335.0,767917019.0
2021,4,55297748.0,928444.0,455413576.0,251016058.0,843233240.0
2021,5,50891567.0,960976.0,416126857.0,296329999.0,1107022501.0
2021,6,28500422.0,695253.0,588208519.0,350422919.0,1506341319.0
2021,7,35874256.0,581478.0,560049268.0,458504036.0,1413374099.0
2021,8,44285163.0,592175.0,1126747747.0,595976679.0,1574649719.0
2021,9,35656059.0,531172.0,624910082.0,685974623.0,1264502251.0
2021,10,26126334.0,407278.0,433758252.0,551548379.0,1072720286.0
2021,11,37517690.0,456226.0,409293683.0,396996022.0,1037577202.0
2021,12,70226267.0,467958.0,305479801.0,511619629.0,1194660712.0
2022,1,229694861.0,555512.0,280153824.0,306605172.0,955321317.0
2022,2,113546354.0,589077.0,192639411.0,237275038.0,736436682.0
2022,3,84933550.0,358966.0,109266113.0,179380297.0,520273504.0
2022,4,45288909.0,165243.0,68052061.0,100487313.0,320194036.0
2022,5,33905820.0,98513.0,49264636.0,76421555.0,233866364.0
2022,6,35307619.0,69484.0,53198419.0,75784819.0,255331207.0
2022,7,55101040.0,132150.0,73701625.0,77351214.0,258430226.0
2022,8,42081904.0,139591.0,53878073.0,52953657.0,243095324.0
2022,9,36642914.0,111044.0,20455790.0,20200747.0,85726171.0
2022,12,-31136.0,,,,
